filename,text,label,start,end
17_thủ_tục_về_đất_đai_thực_hiện_tại_cấp_xã.txt,ng,BODY_PART,215,217
bài_tuyên_truyền_về_đăng_ký_tham_gia_dân_quân_tự_vệ.txt,cơ,BODY_PART,211,213
bài_tuyên_truyền_về_đăng_ký_tham_gia_dân_quân_tự_vệ.txt, c,BODY_PART,326,328
bài_tuyên_truyền_về_đăng_ký_tham_gia_dân_quân_tự_vệ.txt,ượ,BODY_PART,1051,1053
bệnh_thủy_đậu_ở_người_lớn_gia_tăng-cảnh_báo_từ_các_ca_biến_chứng_nặng.txt,thủy đậu,DISEASE,207,215
bệnh_thủy_đậu_ở_người_lớn_gia_tăng-cảnh_báo_từ_các_ca_biến_chứng_nặng.txt,đau quặn bụng,SYMPTOM,415,429
bệnh_thủy_đậu_ở_người_lớn_gia_tăng-cảnh_báo_từ_các_ca_biến_chứng_nặng.txt,bí trung đại tiện kéo dài.,SYMPTOM,431,457
bệnh_thủy_đậu_ở_người_lớn_gia_tăng-cảnh_báo_từ_các_ca_biến_chứng_nặng.txt,các nốt thủy đậu bắt đầu bùng phát,SYMPTOM,489,524
bệnh_thủy_đậu_ở_người_lớn_gia_tăng-cảnh_báo_từ_các_ca_biến_chứng_nặng.txt,các nốt thủy đậu bắt đầu bùng phát,SYMPTOM,490,524
bệnh_thủy_đậu_ở_người_lớn_gia_tăng-cảnh_báo_từ_các_ca_biến_chứng_nặng.txt,ở vùng bụng,BODY_PART,524,536
bệnh_thủy_đậu_ở_người_lớn_gia_tăng-cảnh_báo_từ_các_ca_biến_chứng_nặng.txt,nhanh chóng lan ra,SYMPTOM,540,558
bệnh_thủy_đậu_ở_người_lớn_gia_tăng-cảnh_báo_từ_các_ca_biến_chứng_nặng.txt,toàn thân,BODY_PART,559,568
bệnh_thủy_đậu_ở_người_lớn_gia_tăng-cảnh_báo_từ_các_ca_biến_chứng_nặng.txt,bụng chướng,SYMPTOM,596,607
bệnh_thủy_đậu_ở_người_lớn_gia_tăng-cảnh_báo_từ_các_ca_biến_chứng_nặng.txt,bụng chướng,SYMPTOM,596,607
bệnh_thủy_đậu_ở_người_lớn_gia_tăng-cảnh_báo_từ_các_ca_biến_chứng_nặng.txt,đau dữ dội,SYMPTOM,608,619
bệnh_thủy_đậu_ở_người_lớn_gia_tăng-cảnh_báo_từ_các_ca_biến_chứng_nặng.txt,đau dữ dội,SYMPTOM,609,619
bệnh_thủy_đậu_ở_người_lớn_gia_tăng-cảnh_báo_từ_các_ca_biến_chứng_nặng.txt,dịch tiêu hóa rò rỉ liên tục qua dẫn lưu,SYMPTOM,621,661
bệnh_thủy_đậu_ở_người_lớn_gia_tăng-cảnh_báo_từ_các_ca_biến_chứng_nặng.txt,dịch tiêu hóa rò rỉ liên tục,SYMPTOM,621,649
bệnh_thủy_đậu_ở_người_lớn_gia_tăng-cảnh_báo_từ_các_ca_biến_chứng_nặng.txt,nhiễm trùng,SYMPTOM,677,688
bệnh_thủy_đậu_ở_người_lớn_gia_tăng-cảnh_báo_từ_các_ca_biến_chứng_nặng.txt,gây suy hô hấp,SYMPTOM,1407,1422
bệnh_thủy_đậu_ở_người_lớn_gia_tăng-cảnh_báo_từ_các_ca_biến_chứng_nặng.txt,suy gan cấp trên nền hội chứng thận hư nặng.,SYMPTOM,1424,1468
bệnh_thủy_đậu_ở_người_lớn_gia_tăng-cảnh_báo_từ_các_ca_biến_chứng_nặng.txt,nhiễm trùng huyết,SYMPTOM,3047,3064
bệnh_thủy_đậu_ở_người_lớn_gia_tăng-cảnh_báo_từ_các_ca_biến_chứng_nặng.txt,suy đa tạng,SYMPTOM,3068,3079
cchc_-_cđs_-_trang_ttđt_phường_bạch_mai.txt,uân,BODY_PART,333,336
cchc_-_cđs_-_trang_ttđt_phường_bạch_mai.txt,ổi,BODY_PART,1176,1178
cchc_-_cđs_-_trang_ttđt_phường_bạch_mai.txt,ểu,BODY_PART,1586,1588
cchc_-_cđs_-_trang_ttđt_phường_bạch_mai.txt,n k,BODY_PART,1717,1720
dinh_dưỡng_ngày_tết_cho_người_bệnh_đái_tháo_đường-_ăn_uống_hợp_lý_để_kiểm_soát_đường_huyết.txt,bệnh đái tháo đường,DISEASE,63,82
dinh_dưỡng_ngày_tết_cho_người_bệnh_đái_tháo_đường-_ăn_uống_hợp_lý_để_kiểm_soát_đường_huyết.txt,đái tháo đường,DISEASE,67,82
dinh_dưỡng_ngày_tết_cho_người_bệnh_đái_tháo_đường-_ăn_uống_hợp_lý_để_kiểm_soát_đường_huyết.txt,đái tháo đường,DISEASE,68,82
dinh_dưỡng_ngày_tết_cho_người_bệnh_đái_tháo_đường-_ăn_uống_hợp_lý_để_kiểm_soát_đường_huyết.txt,h đái tháo đườ,DISEASE,68,82
dinh_dưỡng_ngày_tết_cho_người_bệnh_đái_tháo_đường-_ăn_uống_hợp_lý_để_kiểm_soát_đường_huyết.txt,h đái tháo đườ,DISEASE,68,82
dinh_dưỡng_ngày_tết_cho_người_bệnh_đái_tháo_đường-_ăn_uống_hợp_lý_để_kiểm_soát_đường_huyết.txt,h đái tháo đườ,DISEASE,68,82
dinh_dưỡng_ngày_tết_cho_người_bệnh_đái_tháo_đường-_ăn_uống_hợp_lý_để_kiểm_soát_đường_huyết.txt,h đái tháo đườ,DISEASE,68,82
dinh_dưỡng_ngày_tết_cho_người_bệnh_đái_tháo_đường-_ăn_uống_hợp_lý_để_kiểm_soát_đường_huyết.txt,Ể KIỂM SOÁT ĐƯỜNG HUY,TREATMENT,102,123
dinh_dưỡng_ngày_tết_cho_người_bệnh_đái_tháo_đường-_ăn_uống_hợp_lý_để_kiểm_soát_đường_huyết.txt,Ể KIỂM SOÁT ĐƯỜNG HUY,TREATMENT,102,123
dinh_dưỡng_ngày_tết_cho_người_bệnh_đái_tháo_đường-_ăn_uống_hợp_lý_để_kiểm_soát_đường_huyết.txt,Ể KIỂM SOÁT ĐƯỜNG HUY,TREATMENT,102,123
dinh_dưỡng_ngày_tết_cho_người_bệnh_đái_tháo_đường-_ăn_uống_hợp_lý_để_kiểm_soát_đường_huyết.txt,KIỂM SOÁT ĐƯỜNG HUYẾT,TREATMENT,102,123
dinh_dưỡng_ngày_tết_cho_người_bệnh_đái_tháo_đường-_ăn_uống_hợp_lý_để_kiểm_soát_đường_huyết.txt,Ể KIỂM SOÁT ĐƯỜNG HUY,TREATMENT,102,123
dinh_dưỡng_ngày_tết_cho_người_bệnh_đái_tháo_đường-_ăn_uống_hợp_lý_để_kiểm_soát_đường_huyết.txt,Ể KIỂM SOÁT ĐƯỜNG HUY,TREATMENT,102,123
dinh_dưỡng_ngày_tết_cho_người_bệnh_đái_tháo_đường-_ăn_uống_hợp_lý_để_kiểm_soát_đường_huyết.txt,ệnh đái tháo đ,DISEASE,333,347
dinh_dưỡng_ngày_tết_cho_người_bệnh_đái_tháo_đường-_ăn_uống_hợp_lý_để_kiểm_soát_đường_huyết.txt,ệnh đái tháo đ,DISEASE,333,347
dinh_dưỡng_ngày_tết_cho_người_bệnh_đái_tháo_đường-_ăn_uống_hợp_lý_để_kiểm_soát_đường_huyết.txt,ệnh đái tháo đ,DISEASE,333,347
dinh_dưỡng_ngày_tết_cho_người_bệnh_đái_tháo_đường-_ăn_uống_hợp_lý_để_kiểm_soát_đường_huyết.txt,ệnh đái tháo đ,DISEASE,333,347
dinh_dưỡng_ngày_tết_cho_người_bệnh_đái_tháo_đường-_ăn_uống_hợp_lý_để_kiểm_soát_đường_huyết.txt,ưỡng Bệnh vi,DISEASE,481,493
dinh_dưỡng_ngày_tết_cho_người_bệnh_đái_tháo_đường-_ăn_uống_hợp_lý_để_kiểm_soát_đường_huyết.txt,gười bệnh cầ,DISEASE,530,542
dinh_dưỡng_ngày_tết_cho_người_bệnh_đái_tháo_đường-_ăn_uống_hợp_lý_để_kiểm_soát_đường_huyết.txt, Người bệnh ,DISEASE,991,1003
dinh_dưỡng_ngày_tết_cho_người_bệnh_đái_tháo_đường-_ăn_uống_hợp_lý_để_kiểm_soát_đường_huyết.txt,. Người bện,DISEASE,1257,1268
dinh_dưỡng_ngày_tết_cho_người_bệnh_đái_tháo_đường-_ăn_uống_hợp_lý_để_kiểm_soát_đường_huyết.txt,g. Người bện,DISEASE,1491,1503
dinh_dưỡng_ngày_tết_cho_người_bệnh_đái_tháo_đường-_ăn_uống_hợp_lý_để_kiểm_soát_đường_huyết.txt,"đó, người b",DISEASE,1700,1711
dinh_dưỡng_ngày_tết_cho_người_bệnh_đái_tháo_đường-_ăn_uống_hợp_lý_để_kiểm_soát_đường_huyết.txt,n của ng,DISEASE,2083,2091
dinh_dưỡng_ngày_tết_cho_người_bệnh_đái_tháo_đường-_ăn_uống_hợp_lý_để_kiểm_soát_đường_huyết.txt, chứa nhi,DRUG,2230,2239
dinh_dưỡng_ngày_tết_cho_người_bệnh_đái_tháo_đường-_ăn_uống_hợp_lý_để_kiểm_soát_đường_huyết.txt,uyết. Người,DISEASE,2282,2293
dinh_dưỡng_ngày_tết_cho_người_bệnh_đái_tháo_đường-_ăn_uống_hợp_lý_để_kiểm_soát_đường_huyết.txt," thứ tự, ",DRUG,2694,2703
dinh_dưỡng_ngày_tết_cho_người_bệnh_đái_tháo_đường-_ăn_uống_hợp_lý_để_kiểm_soát_đường_huyết.txt,p l,BODY_PART,2740,2743
dinh_dưỡng_ngày_tết_cho_người_bệnh_đái_tháo_đường-_ăn_uống_hợp_lý_để_kiểm_soát_đường_huyết.txt,p l,BODY_PART,2740,2743
dinh_dưỡng_ngày_tết_cho_người_bệnh_đái_tháo_đường-_ăn_uống_hợp_lý_để_kiểm_soát_đường_huyết.txt,p l,BODY_PART,2740,2743
dinh_dưỡng_ngày_tết_cho_người_bệnh_đái_tháo_đường-_ăn_uống_hợp_lý_để_kiểm_soát_đường_huyết.txt,p l,BODY_PART,2740,2743
dinh_dưỡng_ngày_tết_cho_người_bệnh_đái_tháo_đường-_ăn_uống_hợp_lý_để_kiểm_soát_đường_huyết.txt,p l,BODY_PART,2740,2743
dinh_dưỡng_ngày_tết_cho_người_bệnh_đái_tháo_đường-_ăn_uống_hợp_lý_để_kiểm_soát_đường_huyết.txt,an trọng trong kiểm s,TREATMENT,2765,2786
dinh_dưỡng_ngày_tết_cho_người_bệnh_đái_tháo_đường-_ăn_uống_hợp_lý_để_kiểm_soát_đường_huyết.txt,an trọng trong kiểm s,TREATMENT,2765,2786
dinh_dưỡng_ngày_tết_cho_người_bệnh_đái_tháo_đường-_ăn_uống_hợp_lý_để_kiểm_soát_đường_huyết.txt,an trọng trong kiểm s,TREATMENT,2765,2786
dinh_dưỡng_ngày_tết_cho_người_bệnh_đái_tháo_đường-_ăn_uống_hợp_lý_để_kiểm_soát_đường_huyết.txt,an trọng trong kiểm s,TREATMENT,2765,2786
dinh_dưỡng_ngày_tết_cho_người_bệnh_đái_tháo_đường-_ăn_uống_hợp_lý_để_kiểm_soát_đường_huyết.txt,an trọng trong kiểm s,TREATMENT,2765,2786
dinh_dưỡng_ngày_tết_cho_người_bệnh_đái_tháo_đường-_ăn_uống_hợp_lý_để_kiểm_soát_đường_huyết.txt,g huyết. Ng,DISEASE,2794,2805
dinh_dưỡng_ngày_tết_cho_người_bệnh_đái_tháo_đường-_ăn_uống_hợp_lý_để_kiểm_soát_đường_huyết.txt,nhấn mạnh ng,DISEASE,3017,3029
dinh_dưỡng_ngày_tết_cho_người_bệnh_đái_tháo_đường-_ăn_uống_hợp_lý_để_kiểm_soát_đường_huyết.txt,n thủ việ,DRUG,3059,3068
dinh_dưỡng_ngày_tết_cho_người_bệnh_đái_tháo_đường-_ăn_uống_hợp_lý_để_kiểm_soát_đường_huyết.txt,ết mà quên,DRUG,3144,3154
dinh_dưỡng_ngày_tết_cho_người_bệnh_đái_tháo_đường-_ăn_uống_hợp_lý_để_kiểm_soát_đường_huyết.txt,hoặc tự ý n,TREATMENT,3166,3177
dinh_dưỡng_ngày_tết_cho_người_bệnh_đái_tháo_đường-_ăn_uống_hợp_lý_để_kiểm_soát_đường_huyết.txt, trí nhưng ngư,DISEASE,3302,3316
kế_hoạch_tiêm_phòng_vắc_xin_bệnh_dại_cho_đàn_chó-_mèo_trên_địa_bàn_phường_bạch_mai_đợt_1_năm_2026.txt,bệnh Dại,DISEASE,27,36
kế_hoạch_tiêm_phòng_vắc_xin_bệnh_dại_cho_đàn_chó-_mèo_trên_địa_bàn_phường_bạch_mai_đợt_1_năm_2026.txt,bệnh Dại,DISEASE,27,36
kế_hoạch_tiêm_phòng_vắc_xin_bệnh_dại_cho_đàn_chó-_mèo_trên_địa_bàn_phường_bạch_mai_đợt_1_năm_2026.txt,bệnh Dại,DISEASE,28,36
kế_hoạch_tiêm_phòng_vắc_xin_bệnh_dại_cho_đàn_chó-_mèo_trên_địa_bàn_phường_bạch_mai_đợt_1_năm_2026.txt,bệnh Dại,DISEASE,28,37
kế_hoạch_tiêm_phòng_vắc_xin_bệnh_dại_cho_đàn_chó-_mèo_trên_địa_bàn_phường_bạch_mai_đợt_1_năm_2026.txt,bệnh Dại,DISEASE,28,36
kế_hoạch_tiêm_phòng_vắc_xin_bệnh_dại_cho_đàn_chó-_mèo_trên_địa_bàn_phường_bạch_mai_đợt_1_năm_2026.txt,bệnh Dại,DISEASE,28,37
kế_hoạch_tiêm_phòng_vắc_xin_bệnh_dại_cho_đàn_chó-_mèo_trên_địa_bàn_phường_bạch_mai_đợt_1_năm_2026.txt,bệnh Dại,DISEASE,181,191
kế_hoạch_tiêm_phòng_vắc_xin_bệnh_dại_cho_đàn_chó-_mèo_trên_địa_bàn_phường_bạch_mai_đợt_1_năm_2026.txt,bệnh Dại,DISEASE,181,191
kế_hoạch_tiêm_phòng_vắc_xin_bệnh_dại_cho_đàn_chó-_mèo_trên_địa_bàn_phường_bạch_mai_đợt_1_năm_2026.txt,bệnh Dại,DISEASE,182,191
kế_hoạch_tiêm_phòng_vắc_xin_bệnh_dại_cho_đàn_chó-_mèo_trên_địa_bàn_phường_bạch_mai_đợt_1_năm_2026.txt,bệnh Dại,DISEASE,182,190
kế_hoạch_tiêm_phòng_vắc_xin_bệnh_dại_cho_đàn_chó-_mèo_trên_địa_bàn_phường_bạch_mai_đợt_1_năm_2026.txt,bệnh Dại,DISEASE,182,191
kế_hoạch_tiêm_phòng_vắc_xin_bệnh_dại_cho_đàn_chó-_mèo_trên_địa_bàn_phường_bạch_mai_đợt_1_năm_2026.txt,bệnh Dại,DISEASE,182,190
phường_bạch_mai-_đặc_sắc_chương_trình_nghệ_thuật_-tự_hào_ngày_hội_non_sông.txt,Sáu,DRUG,30,33
thông_báo_về_việc_công_khai_lấy_ý_kiến_các_cơ_quan-_tổ_chức-_cá_nhân_và_cộng_đồng_dân_cư_liên_quan_đối_với_hồ_sơ_phương_án_tuyến_tỷ_lệ_1-500_dự_án_trục_không_gian_quốc_lộ_1a_gắn_với_chỉnh_trang_và_tái_thiết_đô_thị.txt,cơ,BODY_PART,43,46
thông_báo_về_việc_công_khai_lấy_ý_kiến_các_cơ_quan-_tổ_chức-_cá_nhân_và_cộng_đồng_dân_cư_liên_quan_đối_với_hồ_sơ_phương_án_tuyến_tỷ_lệ_1-500_dự_án_trục_không_gian_quốc_lộ_1a_gắn_với_chỉnh_trang_và_tái_thiết_đô_thị.txt,cơ,BODY_PART,274,277
thông_báo_về_việc_công_khai_lấy_ý_kiến_cộng_đồng_dân_cư_liên_quan_đối_với_quy_hoạch_tổng_thể_thủ_đô_hà_nội_tầm_nhìn_100_năm.txt,Thông báo về việc công khai lấy ý kiến cộng đồng dân cư liên quan đối với Quy hoạch tổng thể Thủ đô Hà Nội tầm nhìn 100 năm,DISEASE,0,123
triển_khai_tuyên_truyền_nội_dung_thông_tin_cơ_sở_tuần_13.txt,cơ,BODY_PART,84,87
tăng_cường_phòng_bệnh_mùa_nắng_nóng.txt,,DISEASE,50,63
tăng_cường_phòng_bệnh_mùa_nắng_nóng.txt,g bệnh mùa nắ,DISEASE,50,63
tăng_cường_phòng_bệnh_mùa_nắng_nóng.txt,iế,BODY_PART,338,340
tăng_cường_phòng_bệnh_mùa_nắng_nóng.txt,,BODY_PART,338,340
tăng_cường_phòng_bệnh_mùa_nắng_nóng.txt,iế,BODY_PART,338,340
tăng_cường_phòng_bệnh_mùa_nắng_nóng.txt,iế,BODY_PART,338,340
tăng_cường_phòng_bệnh_mùa_nắng_nóng.txt,iế,BODY_PART,338,340
tăng_cường_phòng_bệnh_mùa_nắng_nóng.txt,iế,BODY_PART,338,340
tăng_cường_phòng_bệnh_mùa_nắng_nóng.txt,dễ kiệt sức,SYMPTOM,363,374
tăng_cường_phòng_bệnh_mùa_nắng_nóng.txt,t ,BODY_PART,410,412
tăng_cường_phòng_bệnh_mùa_nắng_nóng.txt,,BODY_PART,410,412
tăng_cường_phòng_bệnh_mùa_nắng_nóng.txt,t ,BODY_PART,410,412
tăng_cường_phòng_bệnh_mùa_nắng_nóng.txt,t ,BODY_PART,410,412
tăng_cường_phòng_bệnh_mùa_nắng_nóng.txt,t ,BODY_PART,410,412
tăng_cường_phòng_bệnh_mùa_nắng_nóng.txt,t ,BODY_PART,410,412
tăng_cường_phòng_bệnh_mùa_nắng_nóng.txt,,DISEASE,441,452
tăng_cường_phòng_bệnh_mùa_nắng_nóng.txt,gười bệnh c,DISEASE,441,452
tăng_cường_phòng_bệnh_mùa_nắng_nóng.txt,sốc nhiệt,SYMPTOM,472,481
tăng_cường_phòng_bệnh_mùa_nắng_nóng.txt,sốc nhiệt,SYMPTOM,472,481
tăng_cường_phòng_bệnh_mùa_nắng_nóng.txt,sốc nhiệt,SYMPTOM,472,481
tăng_cường_phòng_bệnh_mùa_nắng_nóng.txt,sốc nhiệt,SYMPTOM,472,481
tăng_cường_phòng_bệnh_mùa_nắng_nóng.txt,rối loạn ý thức,SYMPTOM,483,498
tăng_cường_phòng_bệnh_mùa_nắng_nóng.txt,rối loạn ý thức,SYMPTOM,483,498
tăng_cường_phòng_bệnh_mùa_nắng_nóng.txt,rối loạn ý thức,SYMPTOM,483,498
tăng_cường_phòng_bệnh_mùa_nắng_nóng.txt,ng,BODY_PART,605,607
tăng_cường_phòng_bệnh_mùa_nắng_nóng.txt,,BODY_PART,605,607
tăng_cường_phòng_bệnh_mùa_nắng_nóng.txt,ng,BODY_PART,605,607
tăng_cường_phòng_bệnh_mùa_nắng_nóng.txt,ng,BODY_PART,605,607
tăng_cường_phòng_bệnh_mùa_nắng_nóng.txt,ng,BODY_PART,605,607
tăng_cường_phòng_bệnh_mùa_nắng_nóng.txt,ng,BODY_PART,605,607
tăng_cường_phòng_bệnh_mùa_nắng_nóng.txt,đột quỵ,DISEASE,608,615
tăng_cường_phòng_bệnh_mùa_nắng_nóng.txt,y cơ độ,DISEASE,608,615
tăng_cường_phòng_bệnh_mùa_nắng_nóng.txt,,DISEASE,608,615
tăng_cường_phòng_bệnh_mùa_nắng_nóng.txt,y cơ độ,DISEASE,608,615
tăng_cường_phòng_bệnh_mùa_nắng_nóng.txt,y cơ độ,DISEASE,608,615
tăng_cường_phòng_bệnh_mùa_nắng_nóng.txt,y cơ độ,DISEASE,608,615
tăng_cường_phòng_bệnh_mùa_nắng_nóng.txt,y cơ độ,DISEASE,608,615
tăng_cường_phòng_bệnh_mùa_nắng_nóng.txt,,DISEASE,664,672
tăng_cường_phòng_bệnh_mùa_nắng_nóng.txt,i có bện,DISEASE,664,672
tăng_cường_phòng_bệnh_mùa_nắng_nóng.txt,u như chó,SYMPTOM,854,863
tăng_cường_phòng_bệnh_mùa_nắng_nóng.txt,chóng mặt,SYMPTOM,854,863
tăng_cường_phòng_bệnh_mùa_nắng_nóng.txt,,SYMPTOM,854,863
tăng_cường_phòng_bệnh_mùa_nắng_nóng.txt,u như chó,SYMPTOM,854,863
tăng_cường_phòng_bệnh_mùa_nắng_nóng.txt,u như chó,SYMPTOM,854,863
tăng_cường_phòng_bệnh_mùa_nắng_nóng.txt,u như chó,SYMPTOM,854,863
tăng_cường_phòng_bệnh_mùa_nắng_nóng.txt," mặt, bu",SYMPTOM,865,873
tăng_cường_phòng_bệnh_mùa_nắng_nóng.txt,buồn nôn,SYMPTOM,865,873
tăng_cường_phòng_bệnh_mùa_nắng_nóng.txt,buồn nôn,SYMPTOM,865,873
tăng_cường_phòng_bệnh_mùa_nắng_nóng.txt,,SYMPTOM,865,873
tăng_cường_phòng_bệnh_mùa_nắng_nóng.txt," mặt, bu",SYMPTOM,865,873
tăng_cường_phòng_bệnh_mùa_nắng_nóng.txt," mặt, bu",SYMPTOM,865,873
tăng_cường_phòng_bệnh_mùa_nắng_nóng.txt," mặt, bu",SYMPTOM,865,873
tăng_cường_phòng_bệnh_mùa_nắng_nóng.txt,mệt lả,SYMPTOM,875,882
tăng_cường_phòng_bệnh_mùa_nắng_nóng.txt,mệt lả,SYMPTOM,875,882
tăng_cường_phòng_bệnh_mùa_nắng_nóng.txt, n,BODY_PART,975,977
tăng_cường_phòng_bệnh_mùa_nắng_nóng.txt,,BODY_PART,975,977
tăng_cường_phòng_bệnh_mùa_nắng_nóng.txt, n,BODY_PART,975,977
tăng_cường_phòng_bệnh_mùa_nắng_nóng.txt, n,BODY_PART,975,977
tăng_cường_phòng_bệnh_mùa_nắng_nóng.txt, n,BODY_PART,975,977
tăng_cường_phòng_bệnh_mùa_nắng_nóng.txt, n,BODY_PART,975,977
